{
    "Python": {
        "size": 13265057,
        "color": "#3572A5",
        "percentage": 65.4303354152241
    },
    "TypeScript": {
        "size": 3445150,
        "color": "#3178c6",
        "percentage": 16.99331710792945
    },
    "JavaScript": {
        "size": 718824,
        "color": "#f1e05a",
        "percentage": 3.5456233188076802
    },
    "PHP": {
        "size": 680052,
        "color": "#4F5D95",
        "percentage": 3.354379137593904
    },
    "CSS": {
        "size": 410552,
        "color": "#563d7c",
        "percentage": 2.0250614125058854
    },
    "Blade": {
        "size": 330096,
        "color": "#f7523f",
        "percentage": 1.628209513100759
    },
    "SCSS": {
        "size": 314477,
        "color": "#c6538c",
        "percentage": 1.551168275445287
    },
    "Cython": {
        "size": 161210,
        "color": "#fedf5b",
        "percentage": 0.7951736937344692
    },
    "C": {
        "size": 158783,
        "color": "#555555",
        "percentage": 0.783202435408723
    },
    "HTML": {
        "size": 146568,
        "color": "#e34c26",
        "percentage": 0.7229515411157725
    },
    "Svelte": {
        "size": 144688,
        "color": "#ff3e00",
        "percentage": 0.7136783785066243
    },
    "Vue": {
        "size": 141434,
        "color": "#41b883",
        "percentage": 0.6976279151395133
    },
    "Perl": {
        "size": 113384,
        "color": "#0298c3",
        "percentage": 0.5592703559976991
    },
    "Java": {
        "size": 60629,
        "color": "#b07219",
        "percentage": 0.2990545616117309
    },
    "EJS": {
        "size": 57653,
        "color": "#a91e50",
        "percentage": 0.2843753425027812
    },
    "C++": {
        "size": 48970,
        "color": "#f34b7d",
        "percentage": 0.24154615583510305
    },
    "Shell": {
        "size": 36773,
        "color": "#89e051",
        "percentage": 0.1813840471416019
    },
    "Astro": {
        "size": 20892,
        "color": "#ff5a03",
        "percentage": 0.10305048576081219
    },
    "PowerShell": {
        "size": 8834,
        "color": "#012456",
        "percentage": 0.043573999196391676
    },
    "Nu": {
        "size": 3265,
        "color": "#c9df40",
        "percentage": 0.016104721233441116
    },
    "C#": {
        "size": 2918,
        "color": "#178600",
        "percentage": 0.014393132177390865
    },
    "Dockerfile": {
        "size": 1836,
        "color": "#384d54",
        "percentage": 0.009056131143827837
    },
    "Hack": {
        "size": 833,
        "color": "#878787",
        "percentage": 0.004108800241181148
    },
    "Nix": {
        "size": 382,
        "color": "#7e7eff",
        "percentage": 0.0018842277216460969
    },
    "Fortran": {
        "size": 298,
        "color": "#4d41b1",
        "percentage": 0.001469894924216065
    }
}