{
    "Python": {
        "size": 13344825,
        "color": "#3572A5",
        "percentage": 48.56097161935152
    },
    "TypeScript": {
        "size": 8188769,
        "color": "#3178c6",
        "percentage": 29.79841092007018
    },
    "PHP": {
        "size": 1355598,
        "color": "#4F5D95",
        "percentage": 4.932935126931202
    },
    "Blade": {
        "size": 913563,
        "color": "#f7523f",
        "percentage": 3.324397803304999
    },
    "JavaScript": {
        "size": 896804,
        "color": "#f1e05a",
        "percentage": 3.2634128654456624
    },
    "CSS": {
        "size": 561047,
        "color": "#663399",
        "percentage": 2.041614441862093
    },
    "Vue": {
        "size": 497981,
        "color": "#41b883",
        "percentage": 1.8121212685798642
    },
    "Java": {
        "size": 326196,
        "color": "#b07219",
        "percentage": 1.1870065511047156
    },
    "SCSS": {
        "size": 315065,
        "color": "#c6538c",
        "percentage": 1.14650154822195
    },
    "HTML": {
        "size": 308211,
        "color": "#e34c26",
        "percentage": 1.1215602770191404
    },
    "Cython": {
        "size": 161210,
        "color": "#fedf5b",
        "percentage": 0.5866329633214117
    },
    "C": {
        "size": 158783,
        "color": "#555555",
        "percentage": 0.5778012642830079
    },
    "Svelte": {
        "size": 144668,
        "color": "#ff3e00",
        "percentage": 0.526437674696247
    },
    "Perl": {
        "size": 113384,
        "color": "#0298c3",
        "percentage": 0.41259718325931977
    },
    "EJS": {
        "size": 57653,
        "color": "#a91e50",
        "percentage": 0.20979560966670396
    },
    "C++": {
        "size": 48970,
        "color": "#f34b7d",
        "percentage": 0.1781987234901652
    },
    "Shell": {
        "size": 38311,
        "color": "#89e051",
        "percentage": 0.13941129866513619
    },
    "Astro": {
        "size": 20892,
        "color": "#ff5a03",
        "percentage": 0.07602466267421955
    },
    "Dockerfile": {
        "size": 8903,
        "color": "#384d54",
        "percentage": 0.03239745222039903
    },
    "PowerShell": {
        "size": 8834,
        "color": "#012456",
        "percentage": 0.032146365597551955
    },
    "Nu": {
        "size": 3265,
        "color": "#c9df40",
        "percentage": 0.011881127878198679
    },
    "C#": {
        "size": 2918,
        "color": "#178600",
        "percentage": 0.010618416890837288
    },
    "Just": {
        "size": 2317,
        "color": "#384d54",
        "percentage": 0.008431416016473611
    },
    "Hack": {
        "size": 833,
        "color": "#878787",
        "percentage": 0.003031234156979939
    },
    "Batchfile": {
        "size": 812,
        "color": "#C1F12E",
        "percentage": 0.002954816489156915
    },
    "Nix": {
        "size": 382,
        "color": "#7e7eff",
        "percentage": 0.0013900737670664307
    },
    "Fortran": {
        "size": 298,
        "color": "#4d41b1",
        "percentage": 0.0010844030957743358
    },
    "Procfile": {
        "size": 64,
        "color": "#3B2F63",
        "percentage": 0.00023289194003207214
    }
}