{
    "Python": {
        "size": 13324142,
        "color": "#3572A5",
        "percentage": 56.31039969814837
    },
    "TypeScript": {
        "size": 5404928,
        "color": "#3178c6",
        "percentage": 22.842270520661945
    },
    "PHP": {
        "size": 1127908,
        "color": "#4F5D95",
        "percentage": 4.766757236806628
    },
    "Blade": {
        "size": 830995,
        "color": "#f7523f",
        "percentage": 3.511945504420683
    },
    "JavaScript": {
        "size": 790471,
        "color": "#f1e05a",
        "percentage": 3.340683246980934
    },
    "CSS": {
        "size": 508057,
        "color": "#663399",
        "percentage": 2.147147091305554
    },
    "SCSS": {
        "size": 315065,
        "color": "#c6538c",
        "percentage": 1.3315255932349803
    },
    "HTML": {
        "size": 305392,
        "color": "#e34c26",
        "percentage": 1.2906456254081446
    },
    "Cython": {
        "size": 161210,
        "color": "#fedf5b",
        "percentage": 0.6813046224919023
    },
    "C": {
        "size": 158783,
        "color": "#555555",
        "percentage": 0.6710476513437859
    },
    "Svelte": {
        "size": 144668,
        "color": "#ff3e00",
        "percentage": 0.6113949328618479
    },
    "Java": {
        "size": 143235,
        "color": "#b07219",
        "percentage": 0.6053387978576243
    },
    "Vue": {
        "size": 141855,
        "color": "#41b883",
        "percentage": 0.5995066510984975
    },
    "Perl": {
        "size": 113384,
        "color": "#0298c3",
        "percentage": 0.4791827015484265
    },
    "EJS": {
        "size": 57653,
        "color": "#a91e50",
        "percentage": 0.2436527225390834
    },
    "C++": {
        "size": 48970,
        "color": "#f34b7d",
        "percentage": 0.2069566860829257
    },
    "Shell": {
        "size": 38311,
        "color": "#89e051",
        "percentage": 0.16190969165862704
    },
    "Astro": {
        "size": 20892,
        "color": "#ff5a03",
        "percentage": 0.08829363050121469
    },
    "PowerShell": {
        "size": 8834,
        "color": "#012456",
        "percentage": 0.037334191645018694
    },
    "Dockerfile": {
        "size": 8631,
        "color": "#384d54",
        "percentage": 0.03647627440436454
    },
    "Nu": {
        "size": 3265,
        "color": "#c9df40",
        "percentage": 0.013798521136629618
    },
    "C#": {
        "size": 2918,
        "color": "#178600",
        "percentage": 0.012332032060240498
    },
    "Hack": {
        "size": 833,
        "color": "#878787",
        "percentage": 0.0035204190219946313
    },
    "Batchfile": {
        "size": 812,
        "color": "#C1F12E",
        "percentage": 0.003431668962616615
    },
    "Nix": {
        "size": 382,
        "color": "#7e7eff",
        "percentage": 0.0016144058420191469
    },
    "Fortran": {
        "size": 298,
        "color": "#4d41b1",
        "percentage": 0.001259405604507083
    },
    "Procfile": {
        "size": 64,
        "color": "#3B2F63",
        "percentage": 0.0002704763714377628
    }
}