{
    "Python": {
        "size": 13288021,
        "color": "#3572A5",
        "percentage": 65.67123601937061
    },
    "TypeScript": {
        "size": 3384718,
        "color": "#3178c6",
        "percentage": 16.727744081455924
    },
    "JavaScript": {
        "size": 718689,
        "color": "#f1e05a",
        "percentage": 3.551860351780408
    },
    "PHP": {
        "size": 680052,
        "color": "#4F5D95",
        "percentage": 3.360910958632969
    },
    "CSS": {
        "size": 408754,
        "color": "#563d7c",
        "percentage": 2.0201187526616504
    },
    "Blade": {
        "size": 330096,
        "color": "#f7523f",
        "percentage": 1.6313800471153803
    },
    "SCSS": {
        "size": 314477,
        "color": "#c6538c",
        "percentage": 1.5541887907660301
    },
    "Cython": {
        "size": 161210,
        "color": "#fedf5b",
        "percentage": 0.796722097194363
    },
    "C": {
        "size": 158783,
        "color": "#555555",
        "percentage": 0.7847275278134889
    },
    "HTML": {
        "size": 146568,
        "color": "#e34c26",
        "percentage": 0.7243593098541244
    },
    "Svelte": {
        "size": 144688,
        "color": "#ff3e00",
        "percentage": 0.7150680900617703
    },
    "Vue": {
        "size": 141434,
        "color": "#41b883",
        "percentage": 0.6989863723998979
    },
    "Perl": {
        "size": 113384,
        "color": "#0298c3",
        "percentage": 0.5603593962426999
    },
    "Java": {
        "size": 60629,
        "color": "#b07219",
        "percentage": 0.2996368961652319
    },
    "EJS": {
        "size": 57653,
        "color": "#a91e50",
        "percentage": 0.2849290929194629
    },
    "C++": {
        "size": 48970,
        "color": "#f34b7d",
        "percentage": 0.24201650703807426
    },
    "Shell": {
        "size": 36773,
        "color": "#89e051",
        "percentage": 0.18173724756608342
    },
    "Astro": {
        "size": 20892,
        "color": "#ff5a03",
        "percentage": 0.1032511510116285
    },
    "PowerShell": {
        "size": 8834,
        "color": "#012456",
        "percentage": 0.04365884874768937
    },
    "Nu": {
        "size": 3265,
        "color": "#c9df40",
        "percentage": 0.016136081181934093
    },
    "C#": {
        "size": 2918,
        "color": "#178600",
        "percentage": 0.014421159230898524
    },
    "Dockerfile": {
        "size": 1836,
        "color": "#384d54",
        "percentage": 0.009073765712107502
    },
    "Hack": {
        "size": 833,
        "color": "#878787",
        "percentage": 0.004116801110122848
    },
    "Nix": {
        "size": 382,
        "color": "#7e7eff",
        "percentage": 0.0018878967875953518
    },
    "Fortran": {
        "size": 298,
        "color": "#4d41b1",
        "percentage": 0.0014727571798518713
    }
}