{
    "Python": {
        "size": 13342198,
        "color": "#3572A5",
        "percentage": 53.58746960245492
    },
    "TypeScript": {
        "size": 6405978,
        "color": "#3178c6",
        "percentage": 25.72890548836068
    },
    "PHP": {
        "size": 1127908,
        "color": "#4F5D95",
        "percentage": 4.530118325658615
    },
    "Blade": {
        "size": 830995,
        "color": "#f7523f",
        "percentage": 3.3375999443489013
    },
    "JavaScript": {
        "size": 790420,
        "color": "#f1e05a",
        "percentage": 3.1746349232092355
    },
    "CSS": {
        "size": 542354,
        "color": "#663399",
        "percentage": 2.1783051404850857
    },
    "Java": {
        "size": 326196,
        "color": "#b07219",
        "percentage": 1.3101303274349836
    },
    "SCSS": {
        "size": 315065,
        "color": "#c6538c",
        "percentage": 1.2654238911982463
    },
    "HTML": {
        "size": 305392,
        "color": "#e34c26",
        "percentage": 1.2265733514697437
    },
    "Cython": {
        "size": 161210,
        "color": "#fedf5b",
        "percentage": 0.6474822195422192
    },
    "C": {
        "size": 158783,
        "color": "#555555",
        "percentage": 0.6377344411982643
    },
    "Svelte": {
        "size": 144668,
        "color": "#ff3e00",
        "percentage": 0.5810430974302695
    },
    "Vue": {
        "size": 141855,
        "color": "#41b883",
        "percentage": 0.569744992575904
    },
    "Perl": {
        "size": 113384,
        "color": "#0298c3",
        "percentage": 0.4553943550683889
    },
    "EJS": {
        "size": 57653,
        "color": "#a91e50",
        "percentage": 0.2315569282505276
    },
    "C++": {
        "size": 48970,
        "color": "#f34b7d",
        "percentage": 0.19668261454613528
    },
    "Shell": {
        "size": 38311,
        "color": "#89e051",
        "percentage": 0.15387191435321604
    },
    "Astro": {
        "size": 20892,
        "color": "#ff5a03",
        "percentage": 0.08391041827849414
    },
    "PowerShell": {
        "size": 8834,
        "color": "#012456",
        "percentage": 0.03548078858281722
    },
    "Dockerfile": {
        "size": 8343,
        "color": "#384d54",
        "percentage": 0.033508741130455516
    },
    "Nu": {
        "size": 3265,
        "color": "#c9df40",
        "percentage": 0.0131135130997168
    },
    "C#": {
        "size": 2918,
        "color": "#178600",
        "percentage": 0.011719825796316577
    },
    "Hack": {
        "size": 833,
        "color": "#878787",
        "percentage": 0.0033456528061452046
    },
    "Batchfile": {
        "size": 812,
        "color": "#C1F12E",
        "percentage": 0.00326130861775499
    },
    "Nix": {
        "size": 382,
        "color": "#7e7eff",
        "percentage": 0.0015342609507172488
    },
    "Fortran": {
        "size": 298,
        "color": "#4d41b1",
        "percentage": 0.0011968841971563878
    },
    "Procfile": {
        "size": 64,
        "color": "#3B2F63",
        "percentage": 0.0002570489550939893
    }
}