{
    "Python": {
        "size": 13324142,
        "color": "#3572A5",
        "percentage": 62.77652070071872
    },
    "TypeScript": {
        "size": 3971290,
        "color": "#3178c6",
        "percentage": 18.71068087487789
    },
    "PHP": {
        "size": 819068,
        "color": "#4F5D95",
        "percentage": 3.859028165363014
    },
    "JavaScript": {
        "size": 747381,
        "color": "#f1e05a",
        "percentage": 3.521275802811457
    },
    "CSS": {
        "size": 446030,
        "color": "#663399",
        "percentage": 2.101464509170014
    },
    "Blade": {
        "size": 330823,
        "color": "#f7523f",
        "percentage": 1.5586682360315485
    },
    "SCSS": {
        "size": 315065,
        "color": "#c6538c",
        "percentage": 1.484424625208283
    },
    "HTML": {
        "size": 300523,
        "color": "#e34c26",
        "percentage": 1.415910182474946
    },
    "Cython": {
        "size": 161210,
        "color": "#fedf5b",
        "percentage": 0.7595388057379503
    },
    "C": {
        "size": 158783,
        "color": "#555555",
        "percentage": 0.748104026992674
    },
    "Svelte": {
        "size": 144688,
        "color": "#ff3e00",
        "percentage": 0.6816956189108154
    },
    "Vue": {
        "size": 141855,
        "color": "#41b883",
        "percentage": 0.6683479764776189
    },
    "Perl": {
        "size": 113384,
        "color": "#0298c3",
        "percentage": 0.5342072324904892
    },
    "Java": {
        "size": 61069,
        "color": "#b07219",
        "percentage": 0.287725794476837
    },
    "EJS": {
        "size": 57653,
        "color": "#a91e50",
        "percentage": 0.2716313551715777
    },
    "C++": {
        "size": 48970,
        "color": "#f34b7d",
        "percentage": 0.2307215142794332
    },
    "Shell": {
        "size": 38009,
        "color": "#89e051",
        "percentage": 0.17907890619250513
    },
    "Astro": {
        "size": 20892,
        "color": "#ff5a03",
        "percentage": 0.09843238465031484
    },
    "PowerShell": {
        "size": 8834,
        "color": "#012456",
        "percentage": 0.04162127541646953
    },
    "Dockerfile": {
        "size": 6481,
        "color": "#384d54",
        "percentage": 0.03053514670298155
    },
    "Nu": {
        "size": 3265,
        "color": "#c9df40",
        "percentage": 0.015383004780934233
    },
    "C#": {
        "size": 2918,
        "color": "#178600",
        "percentage": 0.01374811882106159
    },
    "Hack": {
        "size": 833,
        "color": "#878787",
        "percentage": 0.003924668601077555
    },
    "Batchfile": {
        "size": 812,
        "color": "#C1F12E",
        "percentage": 0.0038257273758403056
    },
    "Nix": {
        "size": 382,
        "color": "#7e7eff",
        "percentage": 0.001799788001934725
    },
    "Fortran": {
        "size": 298,
        "color": "#4d41b1",
        "percentage": 0.001404023100985728
    },
    "Procfile": {
        "size": 64,
        "color": "#3B2F63",
        "percentage": 0.00030153516262780734
    }
}