{
    "Python": {
        "size": 13324142,
        "color": "#3572A5",
        "percentage": 64.44346498042364
    },
    "TypeScript": {
        "size": 3585789,
        "color": "#3178c6",
        "percentage": 17.3430054894858
    },
    "JavaScript": {
        "size": 742177,
        "color": "#f1e05a",
        "percentage": 3.5896088099913586
    },
    "PHP": {
        "size": 680052,
        "color": "#4F5D95",
        "percentage": 3.28913540900923
    },
    "CSS": {
        "size": 433673,
        "color": "#663399",
        "percentage": 2.09750022091143
    },
    "Blade": {
        "size": 330096,
        "color": "#f7523f",
        "percentage": 1.5965403262872702
    },
    "SCSS": {
        "size": 315065,
        "color": "#c6538c",
        "percentage": 1.523841482180029
    },
    "HTML": {
        "size": 300523,
        "color": "#e34c26",
        "percentage": 1.4535077325288077
    },
    "Cython": {
        "size": 161210,
        "color": "#fedf5b",
        "percentage": 0.7797073154499626
    },
    "C": {
        "size": 158783,
        "color": "#555555",
        "percentage": 0.7679689018614938
    },
    "Svelte": {
        "size": 144688,
        "color": "#ff3e00",
        "percentage": 0.6997971097191501
    },
    "Vue": {
        "size": 141855,
        "color": "#41b883",
        "percentage": 0.6860950389749672
    },
    "Perl": {
        "size": 113384,
        "color": "#0298c3",
        "percentage": 0.5483923717820145
    },
    "Java": {
        "size": 60629,
        "color": "#b07219",
        "percentage": 0.2932378563886594
    },
    "EJS": {
        "size": 57653,
        "color": "#a91e50",
        "percentage": 0.27884415270539475
    },
    "C++": {
        "size": 48970,
        "color": "#f34b7d",
        "percentage": 0.23684800718060087
    },
    "Shell": {
        "size": 36882,
        "color": "#89e051",
        "percentage": 0.17838325915529757
    },
    "Astro": {
        "size": 20892,
        "color": "#ff5a03",
        "percentage": 0.1010461214216278
    },
    "PowerShell": {
        "size": 8834,
        "color": "#012456",
        "percentage": 0.042726471215712235
    },
    "Nu": {
        "size": 3265,
        "color": "#c9df40",
        "percentage": 0.01579147934336659
    },
    "C#": {
        "size": 2918,
        "color": "#178600",
        "percentage": 0.014113181232448303
    },
    "Dockerfile": {
        "size": 2650,
        "color": "#384d54",
        "percentage": 0.012816974045917754
    },
    "Hack": {
        "size": 833,
        "color": "#878787",
        "percentage": 0.0040288827849998075
    },
    "Nix": {
        "size": 382,
        "color": "#7e7eff",
        "percentage": 0.001847578900203993
    },
    "Fortran": {
        "size": 298,
        "color": "#4d41b1",
        "percentage": 0.0014413050059182983
    },
    "Procfile": {
        "size": 64,
        "color": "#3B2F63",
        "percentage": 0.0003095420146938627
    }
}