{
    "Python": {
        "size": 13324142,
        "color": "#3572A5",
        "percentage": 59.900788016948994
    },
    "TypeScript": {
        "size": 4534307,
        "color": "#3178c6",
        "percentage": 20.384694369871465
    },
    "PHP": {
        "size": 1016299,
        "color": "#4F5D95",
        "percentage": 4.568932915968416
    },
    "JavaScript": {
        "size": 761491,
        "color": "#f1e05a",
        "percentage": 3.4234032456134518
    },
    "Blade": {
        "size": 501230,
        "color": "#f7523f",
        "percentage": 2.2533587511852806
    },
    "CSS": {
        "size": 458296,
        "color": "#663399",
        "percentage": 2.060342162746063
    },
    "SCSS": {
        "size": 315065,
        "color": "#c6538c",
        "percentage": 1.4164245455024447
    },
    "HTML": {
        "size": 304495,
        "color": "#e34c26",
        "percentage": 1.3689054385056
    },
    "Cython": {
        "size": 161210,
        "color": "#fedf5b",
        "percentage": 0.7247450557200867
    },
    "C": {
        "size": 158783,
        "color": "#555555",
        "percentage": 0.7138340933093636
    },
    "Svelte": {
        "size": 144668,
        "color": "#ff3e00",
        "percentage": 0.6503778780529341
    },
    "Vue": {
        "size": 141855,
        "color": "#41b883",
        "percentage": 0.6377315915834805
    },
    "Java": {
        "size": 118641,
        "color": "#b07219",
        "percentage": 0.533369382517752
    },
    "Perl": {
        "size": 113384,
        "color": "#0298c3",
        "percentage": 0.5097357074484604
    },
    "EJS": {
        "size": 57653,
        "color": "#a91e50",
        "percentage": 0.25918818123832366
    },
    "C++": {
        "size": 48970,
        "color": "#f34b7d",
        "percentage": 0.22015238123325254
    },
    "Shell": {
        "size": 38009,
        "color": "#89e051",
        "percentage": 0.1708754718867612
    },
    "Astro": {
        "size": 20892,
        "color": "#ff5a03",
        "percentage": 0.09392329076424571
    },
    "PowerShell": {
        "size": 8834,
        "color": "#012456",
        "percentage": 0.03971464439074031
    },
    "Dockerfile": {
        "size": 6888,
        "color": "#384d54",
        "percentage": 0.030966093566155678
    },
    "Nu": {
        "size": 3265,
        "color": "#c9df40",
        "percentage": 0.014678323968277918
    },
    "C#": {
        "size": 2918,
        "color": "#178600",
        "percentage": 0.013118330578693708
    },
    "Hack": {
        "size": 833,
        "color": "#878787",
        "percentage": 0.003744883266638746
    },
    "Batchfile": {
        "size": 812,
        "color": "#C1F12E",
        "percentage": 0.0036504744447907102
    },
    "Nix": {
        "size": 382,
        "color": "#7e7eff",
        "percentage": 0.0017173414259975999
    },
    "Fortran": {
        "size": 298,
        "color": "#4d41b1",
        "percentage": 0.0013397061386054576
    },
    "Procfile": {
        "size": 64,
        "color": "#3B2F63",
        "percentage": 0.0002877221237273466
    }
}