{
    "Python": {
        "size": 13324142,
        "color": "#3572A5",
        "percentage": 64.43280082057615
    },
    "TypeScript": {
        "size": 3588296,
        "color": "#3178c6",
        "percentage": 17.352258888660156
    },
    "JavaScript": {
        "size": 743092,
        "color": "#f1e05a",
        "percentage": 3.5934395496057885
    },
    "PHP": {
        "size": 680052,
        "color": "#4F5D95",
        "percentage": 3.288591120061198
    },
    "CSS": {
        "size": 433673,
        "color": "#663399",
        "percentage": 2.0971531247761934
    },
    "Blade": {
        "size": 330096,
        "color": "#f7523f",
        "percentage": 1.596276129424987
    },
    "SCSS": {
        "size": 315065,
        "color": "#c6538c",
        "percentage": 1.5235893155848101
    },
    "HTML": {
        "size": 300523,
        "color": "#e34c26",
        "percentage": 1.453267204822795
    },
    "Cython": {
        "size": 161210,
        "color": "#fedf5b",
        "percentage": 0.7795782888147755
    },
    "C": {
        "size": 158783,
        "color": "#555555",
        "percentage": 0.7678418177090535
    },
    "Svelte": {
        "size": 144688,
        "color": "#ff3e00",
        "percentage": 0.6996813066933332
    },
    "Vue": {
        "size": 141855,
        "color": "#41b883",
        "percentage": 0.685981503379567
    },
    "Perl": {
        "size": 113384,
        "color": "#0298c3",
        "percentage": 0.5483016233420663
    },
    "Java": {
        "size": 60629,
        "color": "#b07219",
        "percentage": 0.29318933113672246
    },
    "EJS": {
        "size": 57653,
        "color": "#a91e50",
        "percentage": 0.27879800933588644
    },
    "C++": {
        "size": 48970,
        "color": "#f34b7d",
        "percentage": 0.23680881336926715
    },
    "Shell": {
        "size": 36882,
        "color": "#89e051",
        "percentage": 0.17835374014060265
    },
    "Astro": {
        "size": 20892,
        "color": "#ff5a03",
        "percentage": 0.10102940022280436
    },
    "PowerShell": {
        "size": 8834,
        "color": "#012456",
        "percentage": 0.042719400802616006
    },
    "Nu": {
        "size": 3265,
        "color": "#c9df40",
        "percentage": 0.0157888661558231
    },
    "C#": {
        "size": 2918,
        "color": "#178600",
        "percentage": 0.014110845771115408
    },
    "Dockerfile": {
        "size": 2650,
        "color": "#384d54",
        "percentage": 0.01281485308206163
    },
    "Hack": {
        "size": 833,
        "color": "#878787",
        "percentage": 0.004028216082021636
    },
    "Nix": {
        "size": 382,
        "color": "#7e7eff",
        "percentage": 0.0018472731612632234
    },
    "Fortran": {
        "size": 298,
        "color": "#4d41b1",
        "percentage": 0.001441066497529949
    },
    "Procfile": {
        "size": 64,
        "color": "#3B2F63",
        "percentage": 0.000309490791415828
    }
}