{
    "Python": {
        "size": 13324142,
        "color": "#3572A5",
        "percentage": 55.1620377941216
    },
    "TypeScript": {
        "size": 5710337,
        "color": "#3178c6",
        "percentage": 23.640833714558955
    },
    "PHP": {
        "size": 1127908,
        "color": "#4F5D95",
        "percentage": 4.669546731361172
    },
    "Blade": {
        "size": 830995,
        "color": "#f7523f",
        "percentage": 3.4403249077295994
    },
    "JavaScript": {
        "size": 790147,
        "color": "#f1e05a",
        "percentage": 3.2712139120786765
    },
    "CSS": {
        "size": 512605,
        "color": "#663399",
        "percentage": 2.1221881591666993
    },
    "Java": {
        "size": 326196,
        "color": "#b07219",
        "percentage": 1.3504536412394352
    },
    "SCSS": {
        "size": 315065,
        "color": "#c6538c",
        "percentage": 1.3043712261250986
    },
    "HTML": {
        "size": 305392,
        "color": "#e34c26",
        "percentage": 1.2643249408496535
    },
    "Cython": {
        "size": 161210,
        "color": "#fedf5b",
        "percentage": 0.6674104878790953
    },
    "C": {
        "size": 158783,
        "color": "#555555",
        "percentage": 0.6573626915011872
    },
    "Svelte": {
        "size": 144668,
        "color": "#ff3e00",
        "percentage": 0.5989264962501889
    },
    "Vue": {
        "size": 141855,
        "color": "#41b883",
        "percentage": 0.5872806572674714
    },
    "Perl": {
        "size": 113384,
        "color": "#0298c3",
        "percentage": 0.469410525139156
    },
    "EJS": {
        "size": 57653,
        "color": "#a91e50",
        "percentage": 0.23868380905460876
    },
    "C++": {
        "size": 48970,
        "color": "#f34b7d",
        "percentage": 0.20273613045989264
    },
    "Shell": {
        "size": 38311,
        "color": "#89e051",
        "percentage": 0.1586077985307116
    },
    "Astro": {
        "size": 20892,
        "color": "#ff5a03",
        "percentage": 0.0864930209836242
    },
    "PowerShell": {
        "size": 8834,
        "color": "#012456",
        "percentage": 0.03657281961369597
    },
    "Dockerfile": {
        "size": 8631,
        "color": "#384d54",
        "percentage": 0.03573239824380914
    },
    "Nu": {
        "size": 3265,
        "color": "#c9df40",
        "percentage": 0.013517122032908913
    },
    "C#": {
        "size": 2918,
        "color": "#178600",
        "percentage": 0.012080539691279698
    },
    "Hack": {
        "size": 833,
        "color": "#878787",
        "percentage": 0.0034486256212597627
    },
    "Batchfile": {
        "size": 812,
        "color": "#C1F12E",
        "percentage": 0.003361685479547331
    },
    "Nix": {
        "size": 382,
        "color": "#7e7eff",
        "percentage": 0.001581482577816602
    },
    "Fortran": {
        "size": 298,
        "color": "#4d41b1",
        "percentage": 0.0012337220109668778
    },
    "Procfile": {
        "size": 64,
        "color": "#3B2F63",
        "percentage": 0.000264960431885504
    }
}