{
    "Python": {
        "size": 13324142,
        "color": "#3572A5",
        "percentage": 55.25700933126004
    },
    "TypeScript": {
        "size": 5668822,
        "color": "#3178c6",
        "percentage": 23.509367443791295
    },
    "PHP": {
        "size": 1127908,
        "color": "#4F5D95",
        "percentage": 4.677586210114156
    },
    "Blade": {
        "size": 830995,
        "color": "#f7523f",
        "percentage": 3.4462480562898863
    },
    "JavaScript": {
        "size": 790147,
        "color": "#f1e05a",
        "percentage": 3.2768459051297354
    },
    "CSS": {
        "size": 512605,
        "color": "#663399",
        "percentage": 2.125841894228578
    },
    "Java": {
        "size": 326196,
        "color": "#b07219",
        "percentage": 1.35277869417931
    },
    "SCSS": {
        "size": 315065,
        "color": "#c6538c",
        "percentage": 1.3066169397589313
    },
    "HTML": {
        "size": 305392,
        "color": "#e34c26",
        "percentage": 1.266501707478963
    },
    "Cython": {
        "size": 161210,
        "color": "#fedf5b",
        "percentage": 0.668559557102621
    },
    "C": {
        "size": 158783,
        "color": "#555555",
        "percentage": 0.6584944616055175
    },
    "Svelte": {
        "size": 144668,
        "color": "#ff3e00",
        "percentage": 0.599957657756479
    },
    "Vue": {
        "size": 141855,
        "color": "#41b883",
        "percentage": 0.5882917683319416
    },
    "Perl": {
        "size": 113384,
        "color": "#0298c3",
        "percentage": 0.4702187012128502
    },
    "EJS": {
        "size": 57653,
        "color": "#a91e50",
        "percentage": 0.2390947468869016
    },
    "C++": {
        "size": 48970,
        "color": "#f34b7d",
        "percentage": 0.20308517778869395
    },
    "Shell": {
        "size": 38311,
        "color": "#89e051",
        "percentage": 0.15888087086507358
    },
    "Astro": {
        "size": 20892,
        "color": "#ff5a03",
        "percentage": 0.08664193453872564
    },
    "PowerShell": {
        "size": 8834,
        "color": "#012456",
        "percentage": 0.03663578641178931
    },
    "Dockerfile": {
        "size": 8631,
        "color": "#384d54",
        "percentage": 0.03579391810280207
    },
    "Nu": {
        "size": 3265,
        "color": "#c9df40",
        "percentage": 0.013540394230755273
    },
    "C#": {
        "size": 2918,
        "color": "#178600",
        "percentage": 0.012101338549875617
    },
    "Hack": {
        "size": 833,
        "color": "#878787",
        "percentage": 0.0034545630610165827
    },
    "Batchfile": {
        "size": 812,
        "color": "#C1F12E",
        "percentage": 0.003367473235948938
    },
    "Nix": {
        "size": 382,
        "color": "#7e7eff",
        "percentage": 0.0015842053893257318
    },
    "Fortran": {
        "size": 298,
        "color": "#4d41b1",
        "percentage": 0.001235846089055152
    },
    "Procfile": {
        "size": 64,
        "color": "#3B2F63",
        "percentage": 0.00026541660972996555
    }
}