{
    "Python": {
        "size": 13265057,
        "color": "#3572A5",
        "percentage": 65.42982549425078
    },
    "TypeScript": {
        "size": 3445308,
        "color": "#3178c6",
        "percentage": 16.993964007387692
    },
    "JavaScript": {
        "size": 718824,
        "color": "#f1e05a",
        "percentage": 3.5455956865529736
    },
    "PHP": {
        "size": 680052,
        "color": "#4F5D95",
        "percentage": 3.3543529957704843
    },
    "CSS": {
        "size": 410552,
        "color": "#563d7c",
        "percentage": 2.025045630509967
    },
    "Blade": {
        "size": 330096,
        "color": "#f7523f",
        "percentage": 1.6281968239073685
    },
    "SCSS": {
        "size": 314477,
        "color": "#c6538c",
        "percentage": 1.5511561866606005
    },
    "Cython": {
        "size": 161210,
        "color": "#fedf5b",
        "percentage": 0.7951674966740186
    },
    "C": {
        "size": 158783,
        "color": "#555555",
        "percentage": 0.7831963316443813
    },
    "HTML": {
        "size": 146568,
        "color": "#e34c26",
        "percentage": 0.7229459069072488
    },
    "Svelte": {
        "size": 144688,
        "color": "#ff3e00",
        "percentage": 0.713672816567027
    },
    "Vue": {
        "size": 141434,
        "color": "#41b883",
        "percentage": 0.6976224782866643
    },
    "Perl": {
        "size": 113384,
        "color": "#0298c3",
        "percentage": 0.5592659974126105
    },
    "Java": {
        "size": 60629,
        "color": "#b07219",
        "percentage": 0.299052230977291
    },
    "EJS": {
        "size": 57653,
        "color": "#a91e50",
        "percentage": 0.28437312626851435
    },
    "C++": {
        "size": 48970,
        "color": "#f34b7d",
        "percentage": 0.24154427338333043
    },
    "Shell": {
        "size": 36773,
        "color": "#89e051",
        "percentage": 0.18138263355371062
    },
    "Astro": {
        "size": 20892,
        "color": "#ff5a03",
        "percentage": 0.10304968265314558
    },
    "PowerShell": {
        "size": 8834,
        "color": "#012456",
        "percentage": 0.04357365960931879
    },
    "Nu": {
        "size": 3265,
        "color": "#c9df40",
        "percentage": 0.016104595723842634
    },
    "C#": {
        "size": 2918,
        "color": "#178600",
        "percentage": 0.01439302000679106
    },
    "Dockerfile": {
        "size": 1836,
        "color": "#384d54",
        "percentage": 0.009056060566301708
    },
    "Hack": {
        "size": 833,
        "color": "#878787",
        "percentage": 0.004108768219896145
    },
    "Nix": {
        "size": 382,
        "color": "#7e7eff",
        "percentage": 0.001884213037215279
    },
    "Fortran": {
        "size": 298,
        "color": "#4d41b1",
        "percentage": 0.0014698834688223906
    }
}