{
    "Python": {
        "size": 13265057,
        "color": "#3572A5",
        "percentage": 65.41931901863848
    },
    "TypeScript": {
        "size": 3448564,
        "color": "#3178c6",
        "percentage": 17.00729280486258
    },
    "JavaScript": {
        "size": 718824,
        "color": "#f1e05a",
        "percentage": 3.5450263481154876
    },
    "PHP": {
        "size": 680052,
        "color": "#4F5D95",
        "percentage": 3.3538143663659445
    },
    "CSS": {
        "size": 410552,
        "color": "#563d7c",
        "percentage": 2.0247204562890357
    },
    "Blade": {
        "size": 330096,
        "color": "#f7523f",
        "percentage": 1.62793537417717
    },
    "SCSS": {
        "size": 314477,
        "color": "#c6538c",
        "percentage": 1.5509071078265533
    },
    "Cython": {
        "size": 161210,
        "color": "#fedf5b",
        "percentage": 0.7950398116641875
    },
    "C": {
        "size": 158783,
        "color": "#555555",
        "percentage": 0.7830705689192646
    },
    "HTML": {
        "size": 146568,
        "color": "#e34c26",
        "percentage": 0.7228298189690255
    },
    "Svelte": {
        "size": 144688,
        "color": "#ff3e00",
        "percentage": 0.7135582176668193
    },
    "Vue": {
        "size": 141434,
        "color": "#41b883",
        "percentage": 0.69751045668949
    },
    "Perl": {
        "size": 113384,
        "color": "#0298c3",
        "percentage": 0.5591761925794444
    },
    "Java": {
        "size": 60629,
        "color": "#b07219",
        "percentage": 0.2990042102933318
    },
    "EJS": {
        "size": 57653,
        "color": "#a91e50",
        "percentage": 0.28432746270005205
    },
    "C++": {
        "size": 48970,
        "color": "#f34b7d",
        "percentage": 0.24150548711119194
    },
    "Shell": {
        "size": 36773,
        "color": "#89e051",
        "percentage": 0.18135350781171863
    },
    "Astro": {
        "size": 20892,
        "color": "#ff5a03",
        "percentage": 0.1030331353221773
    },
    "PowerShell": {
        "size": 8834,
        "color": "#012456",
        "percentage": 0.04356666271472881
    },
    "Nu": {
        "size": 3265,
        "color": "#c9df40",
        "percentage": 0.016102009708352905
    },
    "C#": {
        "size": 2918,
        "color": "#178600",
        "percentage": 0.014390708829701003
    },
    "Dockerfile": {
        "size": 1836,
        "color": "#384d54",
        "percentage": 0.009054606378112078
    },
    "Hack": {
        "size": 833,
        "color": "#878787",
        "percentage": 0.004108108449328627
    },
    "Nix": {
        "size": 382,
        "color": "#7e7eff",
        "percentage": 0.0018839104773631882
    },
    "Fortran": {
        "size": 298,
        "color": "#4d41b1",
        "percentage": 0.0014696474404560997
    }
}