{
    "Python": {
        "size": 13324142,
        "color": "#3572A5",
        "percentage": 61.4568872353782
    },
    "TypeScript": {
        "size": 4393814,
        "color": "#3178c6",
        "percentage": 20.266230390761823
    },
    "PHP": {
        "size": 819068,
        "color": "#4F5D95",
        "percentage": 3.7779070287682877
    },
    "JavaScript": {
        "size": 760924,
        "color": "#f1e05a",
        "percentage": 3.5097209608463285
    },
    "CSS": {
        "size": 455580,
        "color": "#663399",
        "percentage": 2.1013382089963915
    },
    "Blade": {
        "size": 330823,
        "color": "#f7523f",
        "percentage": 1.5259032668572223
    },
    "SCSS": {
        "size": 315065,
        "color": "#c6538c",
        "percentage": 1.453220340702946
    },
    "HTML": {
        "size": 304495,
        "color": "#e34c26",
        "percentage": 1.4044667850835337
    },
    "Cython": {
        "size": 161210,
        "color": "#fedf5b",
        "percentage": 0.7435724410033546
    },
    "C": {
        "size": 158783,
        "color": "#555555",
        "percentage": 0.7323780342400327
    },
    "Svelte": {
        "size": 144688,
        "color": "#ff3e00",
        "percentage": 0.6673656060039289
    },
    "Vue": {
        "size": 141855,
        "color": "#41b883",
        "percentage": 0.6542985461108546
    },
    "Perl": {
        "size": 113384,
        "color": "#0298c3",
        "percentage": 0.5229775922754443
    },
    "Java": {
        "size": 67228,
        "color": "#b07219",
        "percentage": 0.310085528588633
    },
    "EJS": {
        "size": 57653,
        "color": "#a91e50",
        "percentage": 0.2659213568709534
    },
    "C++": {
        "size": 48970,
        "color": "#f34b7d",
        "percentage": 0.22587148710337
    },
    "Shell": {
        "size": 38009,
        "color": "#89e051",
        "percentage": 0.17531446504619133
    },
    "Astro": {
        "size": 20892,
        "color": "#ff5a03",
        "percentage": 0.09636322459799074
    },
    "PowerShell": {
        "size": 8834,
        "color": "#012456",
        "percentage": 0.040746349133575055
    },
    "Dockerfile": {
        "size": 6481,
        "color": "#384d54",
        "percentage": 0.029893263384050257
    },
    "Nu": {
        "size": 3265,
        "color": "#c9df40",
        "percentage": 0.015059636622268797
    },
    "C#": {
        "size": 2918,
        "color": "#178600",
        "percentage": 0.013459117814327827
    },
    "Hack": {
        "size": 833,
        "color": "#878787",
        "percentage": 0.0038421676282848114
    },
    "Batchfile": {
        "size": 812,
        "color": "#C1F12E",
        "percentage": 0.003745306259504522
    },
    "Nix": {
        "size": 382,
        "color": "#7e7eff",
        "percentage": 0.0017619544225747873
    },
    "Fortran": {
        "size": 298,
        "color": "#4d41b1",
        "percentage": 0.0013745089474536299
    },
    "Procfile": {
        "size": 64,
        "color": "#3B2F63",
        "percentage": 0.00029519655247326284
    }
}