{
    "Python": {
        "size": 13342198,
        "color": "#3572A5",
        "percentage": 52.03888419398319
    },
    "TypeScript": {
        "size": 6783164,
        "color": "#3178c6",
        "percentage": 26.456531814682698
    },
    "PHP": {
        "size": 1269400,
        "color": "#4F5D95",
        "percentage": 4.951070250632037
    },
    "Blade": {
        "size": 913563,
        "color": "#f7523f",
        "percentage": 3.563190949565272
    },
    "JavaScript": {
        "size": 826290,
        "color": "#f1e05a",
        "percentage": 3.222798044268746
    },
    "CSS": {
        "size": 555889,
        "color": "#663399",
        "percentage": 2.1681467548082503
    },
    "Java": {
        "size": 326196,
        "color": "#b07219",
        "percentage": 1.2722698215496835
    },
    "SCSS": {
        "size": 315065,
        "color": "#c6538c",
        "percentage": 1.228855324181017
    },
    "HTML": {
        "size": 307931,
        "color": "#e34c26",
        "percentage": 1.2010304185815142
    },
    "Vue": {
        "size": 229585,
        "color": "#41b883",
        "percentage": 0.8954556983546214
    },
    "Cython": {
        "size": 161210,
        "color": "#fedf5b",
        "percentage": 0.628771100602167
    },
    "C": {
        "size": 158783,
        "color": "#555555",
        "percentage": 0.6193050162329501
    },
    "Svelte": {
        "size": 144668,
        "color": "#ff3e00",
        "percentage": 0.5642519544812002
    },
    "Perl": {
        "size": 113384,
        "color": "#0298c3",
        "percentage": 0.44223424397168976
    },
    "EJS": {
        "size": 57653,
        "color": "#a91e50",
        "percentage": 0.2248653325663218
    },
    "C++": {
        "size": 48970,
        "color": "#f34b7d",
        "percentage": 0.1909988263537505
    },
    "Shell": {
        "size": 38311,
        "color": "#89e051",
        "percentage": 0.1494252815282527
    },
    "Astro": {
        "size": 20892,
        "color": "#ff5a03",
        "percentage": 0.08148555197432214
    },
    "PowerShell": {
        "size": 8834,
        "color": "#012456",
        "percentage": 0.03445545501345787
    },
    "Dockerfile": {
        "size": 8343,
        "color": "#384d54",
        "percentage": 0.032540396329780286
    },
    "Nu": {
        "size": 3265,
        "color": "#c9df40",
        "percentage": 0.01273455519797826
    },
    "C#": {
        "size": 2918,
        "color": "#178600",
        "percentage": 0.011381143052894505
    },
    "Hack": {
        "size": 833,
        "color": "#878787",
        "percentage": 0.003248969212837945
    },
    "Batchfile": {
        "size": 812,
        "color": "#C1F12E",
        "percentage": 0.0031670624259596773
    },
    "Nix": {
        "size": 382,
        "color": "#7e7eff",
        "percentage": 0.001489923456547533
    },
    "Fortran": {
        "size": 298,
        "color": "#4d41b1",
        "percentage": 0.001162296309034463
    },
    "Procfile": {
        "size": 64,
        "color": "#3B2F63",
        "percentage": 0.000249620683819482
    }
}