{
    "Python": {
        "size": 13287994,
        "color": "#3572A5",
        "percentage": 65.67119021178573
    },
    "TypeScript": {
        "size": 3384718,
        "color": "#3178c6",
        "percentage": 16.727766402607873
    },
    "JavaScript": {
        "size": 718689,
        "color": "#f1e05a",
        "percentage": 3.551865091308596
    },
    "PHP": {
        "size": 680052,
        "color": "#4F5D95",
        "percentage": 3.360915443362279
    },
    "CSS": {
        "size": 408754,
        "color": "#563d7c",
        "percentage": 2.0201214482658756
    },
    "Blade": {
        "size": 330096,
        "color": "#f7523f",
        "percentage": 1.631382223994805
    },
    "SCSS": {
        "size": 314477,
        "color": "#c6538c",
        "percentage": 1.554190864643056
    },
    "Cython": {
        "size": 161210,
        "color": "#fedf5b",
        "percentage": 0.7967231603236709
    },
    "C": {
        "size": 158783,
        "color": "#555555",
        "percentage": 0.7847285749374943
    },
    "HTML": {
        "size": 146568,
        "color": "#e34c26",
        "percentage": 0.7243602764240419
    },
    "Svelte": {
        "size": 144688,
        "color": "#ff3e00",
        "percentage": 0.7150690442336785
    },
    "Vue": {
        "size": 141434,
        "color": "#41b883",
        "percentage": 0.6989873051126981
    },
    "Perl": {
        "size": 113384,
        "color": "#0298c3",
        "percentage": 0.5603601439745618
    },
    "Java": {
        "size": 60629,
        "color": "#b07219",
        "percentage": 0.29963729599444106
    },
    "EJS": {
        "size": 57653,
        "color": "#a91e50",
        "percentage": 0.2849294731228869
    },
    "C++": {
        "size": 48970,
        "color": "#f34b7d",
        "percentage": 0.242016829979841
    },
    "Shell": {
        "size": 36773,
        "color": "#89e051",
        "percentage": 0.18173749007246665
    },
    "Astro": {
        "size": 20892,
        "color": "#ff5a03",
        "percentage": 0.10325128878780555
    },
    "PowerShell": {
        "size": 8834,
        "color": "#012456",
        "percentage": 0.04365890700514428
    },
    "Nu": {
        "size": 3265,
        "color": "#c9df40",
        "percentage": 0.016136102713583435
    },
    "C#": {
        "size": 2918,
        "color": "#178600",
        "percentage": 0.014421178474191873
    },
    "Dockerfile": {
        "size": 1836,
        "color": "#384d54",
        "percentage": 0.009073777819950746
    },
    "Hack": {
        "size": 833,
        "color": "#878787",
        "percentage": 0.004116806603496172
    },
    "Nix": {
        "size": 382,
        "color": "#7e7eff",
        "percentage": 0.0018878993067653516
    },
    "Fortran": {
        "size": 298,
        "color": "#4d41b1",
        "percentage": 0.0014727591450682583
    }
}