{
    "Python": {
        "size": 13342198,
        "color": "#3572A5",
        "percentage": 53.21725904789666
    },
    "TypeScript": {
        "size": 6434576,
        "color": "#3178c6",
        "percentage": 25.66522381509993
    },
    "PHP": {
        "size": 1185427,
        "color": "#4F5D95",
        "percentage": 4.728244607175744
    },
    "Blade": {
        "size": 913563,
        "color": "#f7523f",
        "percentage": 3.6438762809226497
    },
    "JavaScript": {
        "size": 793245,
        "color": "#f1e05a",
        "percentage": 3.163970783033559
    },
    "CSS": {
        "size": 543498,
        "color": "#663399",
        "percentage": 2.167819264712886
    },
    "Java": {
        "size": 326196,
        "color": "#b07219",
        "percentage": 1.301079254886466
    },
    "SCSS": {
        "size": 315065,
        "color": "#c6538c",
        "percentage": 1.2566816743332365
    },
    "HTML": {
        "size": 305721,
        "color": "#e34c26",
        "percentage": 1.2194117980697043
    },
    "Cython": {
        "size": 161210,
        "color": "#fedf5b",
        "percentage": 0.6430090702529988
    },
    "C": {
        "size": 158783,
        "color": "#555555",
        "percentage": 0.6333286347123745
    },
    "Svelte": {
        "size": 144668,
        "color": "#ff3e00",
        "percentage": 0.5770289447016985
    },
    "Vue": {
        "size": 142077,
        "color": "#41b883",
        "percentage": 0.5666943717780244
    },
    "Perl": {
        "size": 113384,
        "color": "#0298c3",
        "percentage": 0.45224825024232995
    },
    "EJS": {
        "size": 57653,
        "color": "#a91e50",
        "percentage": 0.22995721064013483
    },
    "C++": {
        "size": 48970,
        "color": "#f34b7d",
        "percentage": 0.19532382712170057
    },
    "Shell": {
        "size": 38311,
        "color": "#89e051",
        "percentage": 0.15280888586602961
    },
    "Astro": {
        "size": 20892,
        "color": "#ff5a03",
        "percentage": 0.0833307207724437
    },
    "PowerShell": {
        "size": 8834,
        "color": "#012456",
        "percentage": 0.03523566854794983
    },
    "Dockerfile": {
        "size": 8343,
        "color": "#384d54",
        "percentage": 0.03327724504137937
    },
    "Nu": {
        "size": 3265,
        "color": "#c9df40",
        "percentage": 0.013022918022306562
    },
    "C#": {
        "size": 2918,
        "color": "#178600",
        "percentage": 0.011638859047194656
    },
    "Hack": {
        "size": 833,
        "color": "#878787",
        "percentage": 0.0033225392687844923
    },
    "Batchfile": {
        "size": 812,
        "color": "#C1F12E",
        "percentage": 0.0032387777746134545
    },
    "Nix": {
        "size": 382,
        "color": "#7e7eff",
        "percentage": 0.00152366146539697
    },
    "Fortran": {
        "size": 298,
        "color": "#4d41b1",
        "percentage": 0.0011886154887128196
    },
    "Procfile": {
        "size": 64,
        "color": "#3B2F63",
        "percentage": 0.0002552731250926861
    }
}